Unnamed: 0,number,point_2_x,point_2_y,point_l_x,point_l_y,speed
0,1,1403.0,450.0,1387.0,449.0,11.95564455868727
0,2,1401.0,449.0,1384.0,447.0,23.45955748236721
0,3,1400.0,449.0,1383.0,447.0,29.718388550099267
0,4,1399.2863,449.19012000000004,1381.2903,449.3848,35.76985674172375
0,5,1398.0173,448.80887,1380.5870000000002,449.21747,40.85377860683712
0,6,1397.2844,448.6879,1379.7435,449.01465,44.72465267580141
0,7,1396.0,448.0,1381.0,447.0,48.19151030816404
0,8,1395.241714477539,448.1917190551758,1378.14697265625,448.69005584716797,51.63942256797683
0,9,1395.0,448.0,1378.0,447.0,54.66097139834304
0,10,1394.0,446.0,1377.0,447.0,57.379160921578176
0,11,1393.0,447.0,1376.0,447.0,59.726355557510225
0,12,1392.0,446.0,1374.0,446.0,59.0553215488439
0,13,1390.2941207885742,447.13482666015625,1374.4310989379885,446.7394256591797,59.1972758324389
0,14,1389.421615600586,447.10131072998047,1373.9036407470705,446.6029586791992,59.940564648681914
0,15,1388.4966049194336,447.34839630126953,1373.2033920288084,446.3341598510742,59.455789269656975
0,16,1387.5739822387695,447.33423614501953,1372.3868865966795,446.2208709716797,59.311871085648185
0,17,1386.615219116211,447.0844039916992,1370.0,445.0,59.444072044816615
0,18,1385.787368774414,446.8746643066406,1370.0,444.0,60.888340593140384
0,19,1384.806266784668,446.5925521850586,1368.0,446.0,61.69736597708494
0,20,1383.0,446.0,1369.0,446.0,62.722370403822296
0,21,1382.628288269043,445.7027053833008,1368.0,445.0,63.433549279258955
0,22,1381.0,445.0,1366.0,445.0,64.05756329105633
0,23,1380.8921203613281,445.3316345214844,1365.0,445.0,64.815845501569
0,24,1379.7985763549805,445.19388580322266,1364.0,444.0,65.62772508874103
0,25,1378.860206604004,445.1688766479492,1356.0930404663084,443.9047088623047,66.42385647345651
0,26,1377.9343,445.12537000000003,1355.665,443.78174,67.34758529118375
0,27,1376.9236,445.13385,1355.1819,443.7249,68.2181150425239
0,28,1376.1267,445.11492999999996,1354.4376,443.6418,69.07399403595403
0,29,1375.2506,445.0398,1353.8026,443.57095,69.89437273174687
0,30,1374.3904,445.14275999999995,1353.2789,443.48032,70.66640064692737
0,31,1373.3632,445.08117999999996,1352.3887,443.4273,71.33274886500396
0,32,1372.4077,445.0212,1351.818,443.3395,71.86936485224223
0,33,1371.4901,444.9203,1351.3594,443.37292,72.53227081615734
0,34,1370.6112,444.7702,1350.6775,443.27234000000004,73.12186490004247
0,35,1369.4274,444.47885,1350.1633,443.2204,73.62202703737397
0,36,1368.5327,444.34604,1349.4867,443.14825,74.08393668869091
0,37,1367.519,444.01705999999996,1349.0066,442.99585,74.67518313584107
0,38,1366.4937,443.98727,1348.3584,442.96024000000006,75.03322688487918
0,39,1365.5453,443.79373,1347.695,442.9736,75.42240900334711
0,40,1364.4917,443.77008,1347.3508,442.84765999999996,75.93759676110976
0,41,1363.4738,443.76507999999995,1346.6063,442.94086,76.42471038296806
0,42,1362.7799,443.8761,1345.9479,443.00592,76.75097761557754
0,43,1361.7407,443.90698,1345.3799,442.957,77.19095300489137
0,44,1360.8911,443.7873,1344.6123,442.92917,77.42266970961236
0,45,1359.9102,443.75974,1343.8451,442.91495,77.87637696250648
0,46,1359.1183,443.77545,1343.0020000000004,442.85625999999996,78.31494833171297
0,47,1358.1166,443.7737,1342.2351,442.81372000000016,78.70367346884109
0,48,1357.2268,443.77197,1341.2722,442.78537,79.09384814640282
0,49,1356.277,443.61792,1340.368,442.74313,79.35680178484796
0,50,1355.2975,443.55425999999994,1339.316,442.7493,79.59419694628916
0,51,1354.2853,443.48077,1338.3964,442.65442,79.93833149579676
0,52,1353.4165,443.28036,1337.5588,442.61807000000016,80.16858837453726
0,53,1352.5221,443.32904,1336.7292,442.58002,80.39714368668544
0,54,1351.6436,443.27547999999996,1335.8284,442.52005,80.72458386477022
0,55,1350.9506,443.23834000000005,1334.9884,442.42495999999994,81.02219964076238
0,56,1350.0046,443.21143,1334.0645,442.48544000000004,81.34475665498162
0,57,1349.0239,443.1234,1333.1909,442.3788,81.44188135889638
0,58,1348.1167,442.9136,1332.3474,442.1269,81.73329832893452
0,59,1347.185,442.85672,1331.5403,442.06604000000004,81.96320491134634
0,60,1346.2379999999996,442.76867999999996,1330.5870000000002,441.99957,82.0978855826398
0,61,1345.4937,442.61118,1329.6433,441.7824,82.25008177815506
0,62,1344.7649,442.60445999999996,1328.856,441.62997,82.53333681215786
0,63,1343.9471,442.49414,1327.9642,441.60443,82.77937942007392
0,64,1343.0485,442.4151,1327.0867,441.45108,83.0151410537501
0,65,1342.2737,442.32372999999995,1326.2377,441.44208,83.25927527540249
0,66,1341.6329,442.17462,1325.31,441.28345,83.3910964084466
0,67,1340.3553,443.47437,1323.8385,443.5544,83.6289784146118
0,68,1339.0525,442.90695,1323.7416,442.04004000000003,83.83708531002894
0,69,1340.0,442.0,1321.0,442.0,83.99902561130291
0,70,1340.0,442.0,1322.0,441.0,84.14980685215049
0,71,1339.0,442.0,1321.6381225585938,440.30236053466797,83.18593215753731
0,72,1338.6842,441.66815,1320.1581,440.46918,82.82753891427595
0,73,1338.1789999999999,441.53747999999996,1319.1870000000001,440.31433,83.05019474132996
0,74,1337.7341,441.48035,1318.2756,440.26552999999996,83.05729876114431
0,75,1336.9542,441.38232,1317.1965,440.19622999999996,83.0274234044344
0,76,1336.4946,441.0887,1316.4392,440.00854000000004,83.18230090781448
0,77,1335.6803,440.961,1315.5227,439.89462000000003,83.29668819940154
0,78,1335.3304,440.83157,1314.6997,439.6541,83.49801890245294
0,79,1334.6538,440.57592999999997,1313.8015,439.44318,83.53800143685378
0,80,1334.2449,440.56354000000016,1312.786,439.2798,83.75300568599174
0,81,1333.6611,440.31458,1312.0037,438.983,83.95520647694741
0,82,1333.2096,440.17227,1311.0436,438.82982999999996,84.14197706761739
0,83,1332.8883,439.89594000000005,1310.2289,438.6501,84.33707149781948
0,84,1324.0,439.0,1309.1393661499026,438.4780044555664,84.50508690442797
0,85,1331.892608642578,439.6017303466797,1308.108528137207,438.2827911376953,84.62181663925767
0,86,1323.0,439.0,1307.143051147461,438.20702362060547,84.81999274295944
0,87,1320.8711318969729,439.1591033935547,1306.2555084228516,437.9892044067383,84.94370819512511
0,88,1320.5269927978516,439.1032180786133,1305.2809295654295,437.9153900146485,85.10427594829399
0,89,1319.531768798828,438.8801803588867,1304.3653182983396,437.7991943359375,85.1333211723416
0,90,1318.5951766967771,438.54637908935547,1303.3199005126953,437.54539489746094,79.26496366185833
0,91,1318.066909790039,437.9658660888672,1302.489990234375,437.0908508300781,79.01250689839983
0,92,1317.3365859985354,438.0692367553711,1301.6374969482422,436.6480484008789,73.18951222929147
0,93,1316.5149688720705,437.7454681396485,1300.682746887207,436.3150939941406,73.04861809687633
0,94,1317.0,435.0,1299.0,436.0,69.25433270577136
0,95,1315.342658996582,437.32025146484375,1298.7423629760742,435.7630157470703,69.1680503310421
0,96,1314.616340637207,437.1210403442383,1297.795783996582,435.6670227050781,65.23026896478356
0,97,1314.165542602539,437.08802032470703,1296.907844543457,435.49568939208984,65.15332727295457
0,98,1313.322280883789,436.8580627441406,1295.9637908935547,435.32486724853516,65.31279463651343
0,99,1312.7168579101562,436.9294967651367,1294.9310607910154,435.19701385498047,65.44657503529173
0,100,1311.9088973999026,436.7846984863281,1294.0786361694334,434.9399871826172,65.66799221886842
0,101,1311.0198669433596,436.627182006836,1293.2109375,434.7732696533203,65.89678775342793
0,102,1309.0,435.0,1292.0,434.0,66.11957257974669
0,103,1307.0,435.0,1291.0,434.0,66.30142520384969
0,104,1306.0,434.0,1290.0,435.0,66.5364514191139
0,105,1305.0,435.0,1289.0,434.0,66.7631234841196
0,106,1304.0,435.0,1288.0,435.0,66.98568282140171
0,107,1303.0,435.0,1286.0,436.0,67.15339699851947
0,108,1303.0,435.0,1285.0,434.0,67.3354112126804
0,109,1302.0,434.0,1285.0,433.0,67.54723472775635
0,110,1300.0,434.0,1284.0,434.0,67.73677636493939
0,111,1299.0,434.0,1283.0,434.0,67.88107748918556
0,112,1298.0,433.0,1282.0,435.0,68.05256939463312
0,113,1295.0,435.0,1281.724136352539,434.63175201416016,68.25048047130305
0,114,1297.0,435.0,1281.0,434.0,68.44104272450126
0,115,1296.0,435.0,1279.0,435.0,68.60241197728939
0,116,1295.0,435.0,1278.0,434.0,68.76629123828552
0,117,1293.0,436.0,1278.1560440063474,434.4269790649414,68.93884788336847
0,118,1292.9981079101562,434.5376434326172,1277.2753448486328,434.3145446777344,65.8003584781227
0,119,1292.0574417114258,434.5168685913086,1276.382080078125,434.1482925415039,65.74066247804754
0,120,1291.2571258544922,434.44042205810547,1275.3786087036133,434.0465545654297,65.90288155956118
0,121,1290.5298614501953,434.4519577026367,1274.5414047241209,433.9866180419922,66.00249969467049
0,122,1289.4620056152346,434.29052734375,1273.4729232788084,433.9971160888672,66.17195357072022
0,123,1288.5214309692385,434.3919677734375,1272.746566772461,433.9219055175781,66.33374318238802
0,124,1287.6920623779295,434.4302520751953,1271.7827606201172,433.8070755004883,66.53365301680509
0,125,1286.4358215332034,434.3453826904297,1270.732162475586,433.79817962646484,66.66150795477132
0,126,1285.620147705078,434.4148178100586,1269.8520965576172,433.6444091796875,64.11091717841364
0,127,1284.8419723510742,434.5013961791992,1268.9427719116209,433.5018005371094,64.09310800753575
0,128,1283.7470092773438,434.5164108276367,1268.1576766967771,433.3883819580078,61.48376758886094
0,129,1283.200668334961,434.55799102783203,1267.24755859375,433.2591094970703,61.497070379678824
0,130,1282.2323,434.46935999999994,1266.4128,433.2614,59.15589183809343
0,131,1281.265,434.556,1265.4082,433.31155,59.172709510238036
0,132,1280.3445,434.5332,1264.3229,433.3827,59.35098083790653
0,133,1279.3969,434.51627,1263.4167,433.39345999999995,59.434190085376244
0,134,1278.262,434.5191,1262.4789,433.35706,59.598482355780476
0,135,1277.1211,434.44562,1261.4932,433.25717000000003,59.76779811978489
0,136,1276.1168,434.40848,1260.3812,433.04303,59.955371161440155
0,137,1275.2544,434.3034,1259.542,432.86453,60.114897559826744
0,138,1274.185,434.19894000000005,1258.5403,432.71555,60.284822195159215
0,139,1273.4307,434.07367,1257.4928,432.6411,60.43339264066503
0,140,1272.3833,433.8717,1256.611,432.4814,60.612683394497395
0,141,1271.3878,433.62262000000004,1255.4878,432.4227,60.76853579333569
0,142,1270.354,433.4108,1254.4055,432.49425999999994,60.92342667503071
0,143,1269.1348,433.05795,1253.5397,432.45877,61.076649786020404
0,144,1267.9843,432.8079,1252.5505,432.39565999999996,61.2544555172272
0,145,1267.1863,432.70944000000003,1251.5195,432.4729,61.400304664077346
0,146,1266.1929,432.6839,1250.5718,432.5217,61.56350990774043
0,147,1265.1661,432.73053,1249.5330000000001,432.48764000000006,61.720503110272595
0,148,1264.218,432.6584,1248.46,432.46587999999997,61.89211384903802
0,149,1263.3395,432.70374000000004,1247.4152,432.4009,62.05718915668496
0,150,1263.5282,434.10205,1246.4304,432.33334,62.20478129172136
0,151,1261.7899,434.5369,1245.4827,432.23965,62.37013020941878
0,152,1263.0392,433.2374,1244.4785,432.15698,62.522306992507296
0,153,1259.0,434.0,1243.4305038452146,432.0407104492188,62.68941781730786
0,154,1257.0,433.0,1242.62255859375,431.88793182373047,62.853127953255395
0,155,1257.1775,432.7313,1241.494,431.91412,63.00723363691999
0,156,1256.1144,432.94492,1240.3531,432.097,63.16861294157256
0,157,1255.2107,432.90244,1239.3357,431.9146,63.33000373485691
0,158,1254.2555,432.92807,1238.2523,431.9447,63.48749422936866
0,159,1253.1946,433.02315999999996,1237.1709,431.9484,63.6111879357343
0,160,1251.8854,433.0615,1236.0403,431.92467999999997,63.73407340277152
0,161,1250.9395,433.0746,1235.0905,431.99325999999996,63.86527141014813
0,162,1249.9496,433.11377000000016,1234.1378,431.87445,63.99434448005538
0,163,1248.795,433.0385,1232.9061,431.85602,64.12463247832396
0,164,1247.5802,433.08826,1231.8418,431.7765,64.24564022817555
0,165,1246.3285,433.35916,1230.6611,431.7611,64.37312128020908
0,166,1245.0,433.0,1229.4945,431.76845999999995,64.49133758958044
0,167,1244.0,433.0,1228.3569,431.9019,64.59033867770049
0,168,1243.8215,431.54907000000003,1227.1448,431.94427,64.71260285644517
0,169,1240.0,433.0,1225.9469757080078,432.0489807128906,64.85362039003974
0,170,1239.0,433.0,1224.7044372558596,432.2084045410156,64.97750879977032
0,171,1240.0,432.0,1224.0,433.0,65.12312421599958
0,172,1237.0,432.0,1222.0,432.0,65.24360749202977
0,173,1238.0,434.0,1222.0,432.0,65.38301046283135
0,174,1240.3424835205078,433.54637145996094,1220.045150756836,432.1166305541992,65.5279318081696
0,175,1236.5256,433.14673,1219.0568,431.78632000000016,65.6465887012769
0,176,1232.0,432.0,1217.8084564208984,431.67960357666016,65.75471109154593
0,177,1233.0,434.0,1216.0,432.0,65.88762430147032
0,178,1231.3969,432.58612,1215.3345,431.60125999999997,64.10907936552772
0,179,1230.1321,432.50300000000004,1214.2192,431.685,64.09756236254174
0,180,1228.7771,432.49877999999995,1212.9773,431.85532,64.2267655839736
0,181,1227.4080000000001,432.50644000000005,1211.8334,431.98373,64.34511391644757
0,182,1226.4752,432.55175999999994,1210.5933,432.13394000000005,64.4642674034485
0,183,1225.259,432.65255999999994,1209.5304,432.18314000000004,64.5996451114361
0,184,1223.9215,432.71152,1208.3442,432.1582,64.73353110365268
0,185,1222.7002,432.6359,1207.1019,432.1065,64.8470445749122
0,186,1221.2903,432.62384000000003,1205.7333,432.19937000000004,64.97404845680714
0,187,1219.9932,432.76184000000006,1204.4244,432.30005,65.10365895096648
0,188,1219.0593,432.86816,1203.3127,432.36447000000004,65.23291429397861
0,189,1217.9518,433.0546,1202.2986,432.5007,65.33482264464871
0,190,1216.7726,433.03412000000003,1200.9949,432.57224,65.46495068559736
0,191,1215.6588,433.18335,1199.8033,432.62878,65.59451797422025
0,192,1214.5759,433.08807,1198.6833,432.53354,65.71803594530138
0,193,1213.2448,432.95937999999995,1197.5728,432.34265,65.83871581891832
0,194,1212.0704,432.8776,1196.4556,432.34644000000003,65.96444903823001
0,195,1210.6744,432.70975,1195.3217,432.26199999999994,66.08585223230573
0,196,1209.6038,432.8365,1194.1622,432.31293,66.21112959092282
0,197,1208.464,432.96286,1193.2019,432.2538,66.33105621398781
0,198,1207.4888,433.30304,1191.8744,432.43005,66.44078589114493
0,199,1206.2079,433.45575,1190.644,432.63892000000004,66.55850519363726
0,200,1205.4885,433.5548,1189.3677,432.80615,66.65300280109264
0,201,1204.2911,433.608,1188.1803,432.8805,66.75565871279103
0,202,1203.0436,433.6124,1187.0819999999999,432.8303,66.87432358028728
0,203,1201.8306,433.59033,1186.0225,433.04694000000006,66.96555516160622
0,204,1200.5925,433.69805999999994,1184.7999,432.84198,67.08389781912241
0,205,1199.3962,433.81917999999996,1183.5771,432.9898,67.18846429785289
0,206,1197.8568,433.86685,1182.4637,433.0331,67.2804208749592
0,207,1197.0092,434.1979,1181.24,433.07266,67.39723972162813
0,208,1195.3514,434.28287,1179.9496,433.04297,67.51041705209292
0,209,1194.6287,434.3577,1178.7021,433.045,67.58331195350908
0,210,1193.3221,434.3321,1177.4309,433.0564,67.6946758653203
0,211,1192.1285,434.19788,1176.3724,433.0481,67.80390416808291
0,212,1190.9795,434.1752,1175.1404,433.05954,67.8955396377525
0,213,1186.0635,420.14995999999996,1170.8091,419.39047,67.98233008383134
0,214,1184.2521,420.09888,1168.9329,419.23938,68.07078458227288
0,215,1182.3208,420.32016,1166.8624,419.26907,68.17260479120262
0,216,1180.0961,420.3037,1164.9629,419.33997,68.28309183563752
0,217,1178.2338,420.4636,1163.0062,419.58627,68.36644122648916
0,218,1176.3982,420.5072,1160.9644,419.8433,68.44366514947811
0,219,1174.1805,420.46277000000003,1158.9937,419.89885999999996,68.52810271780606
0,220,1172.0621,420.38892000000004,1156.8705,419.8834,68.63614764521415
0,221,1169.8796,420.21832,1154.805,419.61487,68.73603604878544
0,222,1167.86,419.91638,1152.7368,419.29135,68.84107080611155
0,223,1165.6423,419.91254000000004,1150.5415,419.30713,68.944080291225
0,224,1163.807,420.05798,1148.4829,419.26202,69.02360927904127
0,225,1161.4401,420.00667999999996,1146.3125,419.50995,69.1224214303103
0,226,1159.3348,420.0533,1144.1416,419.37485,69.22199349356171
0,227,1156.9163,419.93655,1141.7339,419.4607,69.31879987842676
0,228,1154.597,419.8991,1139.5385,419.38467,69.42145619908062
0,229,1152.5222,419.8061,1137.4459,419.12332000000004,69.5060927401891
0,230,1150.6218,419.55672999999996,1135.5156,418.88235,69.60179662209801
0,231,1148.633,419.40814,1133.2646,418.83267,69.6969933773075
0,232,1146.3759,419.35306,1130.6941,418.79004,69.77534264505361
0,233,1144.1039,419.27954,1128.7935,418.68393,69.8755288910274
0,234,1142.0713,419.40802,1126.3868,418.8019,69.95376205801844
0,235,1139.5581,419.40682999999996,1124.1833,418.75446,70.05018186368625
0,236,1137.3534,419.25403,1122.0973,418.72922,70.14773618542165
0,237,1134.8666,418.82138,1119.7848,418.48395,70.2462453974633
0,238,1132.7455,418.8908,1117.5118,418.25916,70.32318882922675
0,239,1130.6766,418.86798,1115.1654,418.12567,70.41107043505177
0,240,1128.2292,418.8434,1112.816,418.15472,70.50606048062778
0,241,1126.0612,419.02042,1110.5068,418.36295,70.60190969670097
0,242,1123.8445,419.07248,1108.4415,418.5461,70.6736132793036
0,243,1121.3759,419.19247,1106.1888,418.5126,70.76751711554664
0,244,1119.2439,419.20428,1103.86,418.45328,70.85020066577157
0,245,1116.968,419.02155,1101.7379,418.33585,70.94456608783176
0,246,1114.7686,418.7685,1099.7195,418.1476,71.01662756181335
0,247,1112.8217,418.6425,1097.5116,417.8877,71.08777564536874
0,248,1110.5331,418.40524,1095.4562,417.91333,71.158993206985
0,249,1107.9275,418.27936,1093.0178,418.1001,71.24646986617722
0,250,1105.6289,418.30742999999995,1090.8468,418.1697,71.31806917453369
0,251,1103.6678,418.6602,1088.8079,418.06436,71.40157537477475
0,252,1101.6146,418.63907,1086.4945,417.8954,71.46716937203028
0,253,1099.3608,418.4318,1084.4271,417.65985,71.53727900918703
0,254,1096.0,417.0,1082.3625,417.4852,71.625200328495
0,255,1096.0,418.0,1080.0,418.0,71.69705379936086
0,256,1093.4172,417.49228,1078.1526,416.9026,71.75947390438743
0,257,1091.2911,417.57925,1076.1401,416.83185,71.84096211205538
0,258,1089.2429,417.84702000000004,1074.1471,416.8538,71.92555871941325
0,259,1087.4115,418.20867999999996,1072.2136,417.3717,72.00544105362185
0,260,1085.6587,418.76218,1070.2568,418.00357,72.08094956781551
0,261,1083.6995,419.07812,1068.4484,418.73477,72.14329947960677
0,262,1081.2275,432.1519,1066.0819,431.9228,72.20906320757003
0,263,1084.6101,431.95544,1069.5995,431.06705,72.26941289702947
0,264,1087.7917,431.7461,1073.2806,430.4686,72.34299590048177
0,265,1091.4735,431.76705999999996,1076.7969,430.89404,72.42215062905512
0,266,1095.2664,431.95275999999996,1080.4137,431.2281,72.48433377836757
0,267,1099.0892,432.13452,1084.0953,431.1934,72.53720696870148
0,268,1102.1075,432.1644,1087.5018,431.3255,72.6188745234187
0,269,1105.6256,431.54400000000004,1090.744,431.11995999999994,72.70119366171033
0,270,1109.4818,431.46245999999996,1094.3339,430.7742,72.75628509210827
0,271,1113.0598,431.43300000000005,1098.1294,430.40305,72.83468397326304
0,272,1116.5359,431.3442,1101.5321,430.38638,72.90723663828852
0,273,1120.0159,430.8902,1105.0614,430.01672,72.98450287702016
0,274,1123.139,430.6239,1108.2162,429.91985999999997,73.06381620365097
0,275,1126.6042,430.26437000000004,1111.697,429.29623,73.14343542055755
0,276,1128.0,429.0,1115.0997,428.84765999999996,73.21816822892886
0,277,1133.4207,428.95966,1118.5044,428.35873,73.27892668435496
0,278,1137.3347,428.6657,1122.3802,427.9569,73.35409764433125
0,279,1140.5234,428.23627,1125.738,427.52158,73.42923805927464
0,280,1144.39,427.8933,1129.5922,427.2141,73.49249568126645
0,281,1147.9514,428.24105999999995,1133.214,427.5409,73.55007992223942
0,282,1151.623,428.62845,1136.7942,427.91013,73.6088206963785
0,283,1155.2495,428.70874000000003,1140.7672,427.98135,73.68464959199838
0,284,1159.1155,428.5168,1144.4912,427.70302999999996,73.7557987575113
0,285,1163.029,428.1149,1148.2863,427.2771,73.80794726683777
0,286,1167.414,427.32947,1152.6064,426.48315,73.86575962268795
0,287,1171.1604,426.59653,1156.4164,425.7272,73.94083743692146
0,288,1174.8231,425.72098,1160.1682,424.90255999999994,74.00695197665804
0,289,1178.702,425.2419,1163.9791,424.13974,74.08108248815795
0,290,1182.5001,424.6944,1167.7838,423.49035999999995,74.15457013848696
0,291,1185.8882,424.0882,1171.192,422.84897,74.22686786620223
0,292,1189.5895,423.31674000000004,1174.4513,422.56836,74.29766632302348
0,293,1193.4497,423.32132,1178.4304,422.01184000000006,74.3643403445206
0,294,1196.9285,423.23562999999996,1181.971,421.61835,74.43789703218434
0,295,1200.2291,422.3491,1185.257,421.39255,74.49285203207084
0,296,1203.6979,421.7304,1188.7284,420.65945,74.54439773667146
0,297,1207.1097,421.2077,1192.1509,419.76125999999994,74.6158939592083
0,298,1210.2404,420.31244000000004,1195.3746,419.3792,74.65947076306367
0,299,1214.0363,420.00442999999996,1199.2269999999999,419.2915,74.72340593982649
0,300,1217.2612,419.81073,1202.406,419.07097999999996,74.78706626493097
0,301,1220.8004,419.15726,1205.9061,418.39832,74.84959582958989
0,302,1224.1259,418.49817,1209.5,417.86237,74.91840096149633
0,303,1227.6036,417.7777,1212.7910000000004,417.07443,74.96731128327858
0,304,1231.4242,417.5226,1216.6661,416.2122,75.03659761950397
0,305,1235.0,415.0,1219.0,415.0,75.08474113120019
0,306,1239.0264,415.77907999999996,1223.9022,414.37262000000004,75.15005698142609
0,307,1242.3893,415.8145,1227.6191,413.7249,75.20092486849569
0,308,1246.1565,414.80136,1231.3446,413.0291,75.26364144948644
0,309,1249.6184,414.19003,1234.998,412.84354,75.32061352612995
0,310,1253.7074,414.54395,1238.6195,412.89447,75.38712871291995
0,311,1257.1394,414.94876,1242.1322,413.57068,75.45535731095981
0,312,1260.5486,414.83272999999997,1245.6906,413.8303,75.50421570044388
0,313,1264.1398,414.58994,1249.1323,413.77167000000003,75.56660893587026
0,314,1267.3976,413.92932,1252.5621,413.36447000000004,75.63094938880482
0,315,1270.6412,413.67896,1256.299,412.66534,75.6762629052958
0,316,1275.055,414.27963,1259.9567,412.30624,75.7415910714858
0,317,1278.1256,413.32245,1263.423,411.79208,75.78882479194519
0,318,1281.6188,412.57599999999996,1266.972,411.11992999999995,75.83213969253117
0,319,1285.2145,412.12903,1270.3607,410.86562999999995,75.8954178272345
0,320,1288.615,411.13818,1273.7286,410.4836,75.96096555882387
0,321,1292.2849,411.1603,1277.3983,410.42426,75.99684601251579
0,322,1296.2026,411.5204,1281.0696,410.86975,76.05920533578521
0,323,1299.448,411.5348,1284.4126,410.77145,76.12404637250702
0,324,1302.5045,410.84198,1287.8201,410.35532,76.18920950567663
0,325,1306.0344,411.0468,1290.8732,410.53098,76.25223949894675
0,326,1309.2819,411.49356,1294.1823,410.75982999999997,76.29553087928255
0,327,1312.6628,411.79227000000003,1297.85,410.86023,76.35840552627543
0,328,1316.2155,412.3903,1301.3927,411.44476000000003,76.40478050735194
0,329,1320.1155,412.84592000000004,1304.9825,412.09432999999996,76.46344171294139
0,330,1323.6127,412.9885,1308.5066,412.38347999999996,76.52080579840387
0,331,1327.2474,413.74982,1312.1465,412.28283999999996,76.5788281287689
0,332,1330.9403,414.0977,1315.7144,412.60013,76.64145509065855
0,333,1334.0,413.0,1319.2733,413.06833,76.70367146615163
0,334,1338.0,413.0,1323.0,414.0,76.7455123406328
0,335,1343.0,415.0,1327.0,415.0,76.78340869605832
0,336,1345.6588,413.9599,1330.6241,412.73465,76.56127581710055
0,337,1349.0803,414.10458,1334.1989,413.14227,76.50144239270023
0,338,1352.799,414.2006,1338.0006,413.1104,76.56189609114627
0,339,1356.5339999999999,414.75784,1341.3688,413.5206,76.59512395892796
0,340,1359.9955,415.48795,1344.999,414.40652,76.6136133918436
0,341,1363.7194,416.16055,1348.6184,415.36176,76.66523408346589
0,342,1367.3313,416.85535,1352.3085,415.9083,76.70388943443876
0,343,1370.9336,417.9548,1355.767,416.66867,76.74608588808894
0,344,1373.9463,418.7248,1359.2452,417.2148,76.79904440556503
0,345,1377.0414,418.86337000000003,1362.3696,417.70535,76.85545269276254
0,346,1380.2819,418.8493,1365.6434,418.24026000000003,76.91498357898479
0,347,1384.4031,420.47424,1369.0629999999999,418.75397000000004,76.97196632185924
0,348,1387.6826,421.48096,1372.1553,419.39447,77.03028932798063
0,349,1390.7366,421.4116,1376.0342,420.01382,77.0875229426498
0,350,1394.3596,421.66943,1379.0242,421.02402,77.12385149639374
0,351,1397.6865,422.4591,1382.5896,421.53455,77.1647006888987
0,352,1401.2837,423.10834000000006,1386.2103,422.0181,77.21080697730416
0,353,1405.0145,424.1267,1389.7698,423.08514,77.26209234369699
0,354,1408.2939999999999,425.08044,1392.9628,424.306,77.3184426458131
0,355,1412.2085494995115,425.5187683105469,1396.6775741577148,424.3995132446289,77.37563131431509
0,356,1417.0,425.0,1401.0,426.0,77.43260959509269
0,357,1419.0,425.0,1404.0,425.0,77.48371273909763
0,358,1425.1735,427.81958,1407.1770000000001,425.75445999999994,77.54036084078399
0,359,1427.3245162963867,427.9259643554688,1410.628677368164,426.2456588745117,77.58651896412314
0,360,1430.5769805908205,428.2503128051758,1414.4386596679688,426.57291412353516,76.4285953428367
0,361,1433.0,428.0,1418.2201232910156,426.84285736083984,76.38110957631909
0,362,1438.0,430.0,1421.5973587036133,427.5025939941406,76.40359901474861
0,363,1443.1284,429.36508,1425.0027,427.8601,76.41813587199344
0,364,1445.0,430.0,1429.0,430.0,76.4472910839403
0,365,1447.6182,429.8329,1431.5970000000002,428.7442,75.30063158250059
0,366,1450.4083,430.7136,1435.0813,429.4915,75.26122894965576
0,367,1453.6385,431.49505999999997,1438.1743,430.3453,75.28740711236695
0,368,1456.5852,432.63354000000004,1441.3141,431.8431,75.30633923033857
0,369,1459.5782,433.94365999999997,1444.3983,433.6227,75.3569330144875
0,370,1463.1799,435.0685,1447.4525,434.59625,75.4145030772281
0,371,1466.3142,436.25915999999995,1450.5251,435.13415999999995,75.45701732362987
0,372,1469.5552,437.36404000000016,1453.6758,435.57773,75.50998009520433
0,373,1472.7316,437.8466,1456.1962,436.12105999999994,75.56587393270337
0,374,1475.7638,438.17664,1457.9271,436.39615,75.62182013026609
0,375,1479.6718,438.61615,1459.7579999999994,436.75943,75.67547932848647
0,376,1483.0,439.0,1467.0,437.0,75.71293697691414
0,377,1486.330421447754,439.55458068847656,1471.0,439.0,75.76412693992124
0,378,1489.9158248901367,440.073974609375,1474.6709518432615,439.49517822265625,75.80366777851431
0,379,1493.1627655029295,440.61043548583984,1477.297134399414,440.01709747314453,75.8555535732152
0,380,1496.5415267944336,440.87535858154297,1480.0752639770508,440.2677001953125,75.90102354727422
0,381,1499.9878,441.17313,1483.0763,440.87997,3415.560792947987
0,382,1502.9056,441.89383,1485.8141,441.5219,2869.257260460207
0,383,1506.0,444.0,1491.0,443.0,2614.9627760390204
0,384,1509.0,443.0,1493.0,443.0,2415.559220831179
0,385,1512.5348892211914,444.3479690551758,1496.7378768920898,443.40677642822266,2246.084520452204
0,386,1515.3632125854492,444.9441452026367,1499.4394912719727,444.15283966064453,2089.917339979198
0,387,1518.4416275024414,445.4878234863281,1502.1263046264648,444.5337142944336,1966.494390917743
0,388,1521.2551040649414,445.59063720703125,1506.0,444.0,1863.546155427433
0,389,1524.3056945800781,445.7463073730469,1511.0,444.0,1779.1934079283415
0,390,1528.0,445.0,1513.0,444.0,1691.4228813085197
0,391,1531.0,447.0,1516.0,445.0,1617.027506423653
0,392,1533.8672256469727,446.401985168457,1516.6213073730469,445.5167007446289,1545.7474201396699
0,393,1538.0,446.0,1522.0,445.0,1481.971980548081
0,394,1540.7007,446.91672,1524.8796,445.99368,1422.6148093479515
0,395,1543.5414,447.0718,1528.2706,446.1951,1365.9983303696358
0,396,1547.1573,447.1386,1531.4923,446.31158,1316.7082294264335
0,397,1550.6454,447.61032,1534.9198,446.82968,1274.3351469337308
0,398,1554.3077,448.29178,1538.5427,447.44766,1226.9885692758355
0,399,1557.2181,448.56396,1541.9246,447.93393,1186.8136967224013
0,400,1560.8057,448.8824,1544.6002,448.7145,1152.4863307918135
0,401,1564.0,448.0,1547.0,449.0,1119.85773059295
0,402,1567.4437103271484,449.1514663696289,1551.6274642944336,448.1699676513672,1088.1908286085918
0,403,1570.5632629394531,449.00878143310547,1555.0727615356445,448.0845031738281,1057.077738755959
0,404,1574.0783004760742,449.08959197998047,1558.5498275756836,448.28553009033203,1030.0572752639407
0,405,1577.684,449.2674,1561.7755,448.3998,1000.5378199590256
0,406,1581.0,451.0,1564.0,449.0,975.0663993799934
0,407,1584.6693,449.4096,1569.1505,448.30988,924.2450598306757
0,408,1588.0865,449.24567,1572.4402,447.92386,889.4824585556772
0,409,1591.344,448.8469,1575.5212,447.49844,867.9336092329463
0,410,1595.3141,448.28937,1578.8905,446.88797,848.6658972095872
0,411,1598.0,447.0,1582.0,446.0,831.7058408212158
0,412,1596.4059,447.21494,1580.3601,445.7484,814.9788362656094
0,413,1593.0793,446.7201,1577.058,445.511,798.6996473538006
0,414,1589.6072,446.68048,1573.8306,445.6823,784.0604673492797
0,415,1586.3845,447.4111,1570.7236,446.3502,768.9479902108295
0,416,1583.0947,447.84216,1567.6771,446.5802,755.0038058725506
0,417,1579.6742,447.94556,1564.0465,446.93985,741.0287540481144
0,418,1576.2299,448.23236,1560.2228,447.206,727.7403297151175
0,419,1572.4536,447.733,1556.7372,446.68945,715.2614254904145
0,420,1568.6892,447.29504,1553.0333,446.3005,703.798871709865
0,421,1565.0963,447.14822,1549.451,446.29178,692.2644463339653
0,422,1561.7822,447.16174,1545.9147,446.49652,682.1485286282536
0,423,1557.8402,447.76068,1542.2107,447.0136,671.1016490538175
0,424,1554.2384,448.24805,1538.2166,447.4082,660.6026253968678
0,425,1549.848403930664,448.2092819213867,1534.2795104980469,447.5418701171875,650.7103307078318
0,426,1546.312271118164,448.61659240722656,1530.3833236694336,448.1316375732422,640.2574015108269
0,427,1542.2085266113281,448.4956588745117,1527.0,448.0,616.0707612816688
0,428,1538.3804092407227,449.030517578125,1523.0,447.0,600.919266075397
0,429,1535.0,448.0,1519.0,448.0,591.0158156658862
0,430,1530.5383,448.89053,1507.3341,447.4645,582.5126452657836
0,431,1526.7454833984375,448.8224868774414,1509.0,449.0,575.5386460847274
0,432,1522.3337,448.6184,1506.8037,447.56564,567.6704578380499
0,433,1518.9348,448.51376,1503.0222,447.59235,560.4258822533561
0,434,1515.4619,448.48987,1499.1749,447.7305,553.3300524516083
0,435,1512.0729,448.45676,1496.1414,447.612,546.9320506708023
0,436,1508.6068,448.22427000000016,1492.7838,447.12894000000006,539.8720924142149
0,437,1505.458,447.8616,1489.7115,446.59262,533.6077648355168
0,438,1502.3678,447.25214000000005,1486.3670000000006,446.30054,527.9633116125043
0,439,1499.274,446.53973,1483.3125,445.64493,521.7693090300553
0,440,1495.6902,445.82428,1480.0107,445.13647,515.5452717292662
0,441,1492.5593,445.26,1476.8624,444.27588,509.8084958140787
0,442,1489.43,444.48972,1473.8396,443.4899,504.337933800511
0,443,1486.5178,444.0261,1470.6359,443.1001,498.6714851314846
0,444,1483.2017,443.5831,1467.8126,442.5387,493.2783053979312
0,445,1480.5481,443.44742,1465.0018,442.02512,487.7953600905346
0,446,1477.3705,443.5435,1461.6823,441.75296,483.01231605596786
0,447,1473.9178,443.30774,1458.3262,441.62048,477.4195505335237
0,448,1470.6316,443.30252,1455.1742,441.5621,472.9344771450717
0,449,1467.4132,442.83896,1451.9933,441.2463,468.64709203957466
0,450,1464.1454,442.46832,1447.7039,442.6134,464.25284076313204
0,451,1460.8652801513672,442.0952835083008,1447.0,443.0,459.4392091125839
0,452,1457.807,441.99814,1441.7832,441.51642,448.44023655817705
0,453,1454.1359,441.67624000000006,1438.3938,440.8475,440.96569345310905
0,454,1450.6434,441.28555,1435.0,440.0,436.8424871078538
0,455,1447.0,440.0,1432.0,440.0,432.6128064039617
0,456,1444.550666809082,440.2193069458008,1430.0,438.0,429.24365479509817
0,457,1440.7512,439.66425,1423.7620000000006,438.64008,425.2093900375945
0,458,1438.0,438.0,1422.0,438.0,421.9289171378584
0,459,1434.6307,438.03824,1417.447,436.89908,418.13861632192663
0,460,1430.8684,436.56668,1414.1256,436.48465,414.8440583148095
0,461,1427.5818,436.24985,1410.8748,436.32492,411.8164706399421
0,462,1424.2485,436.13974,1407.892,436.02298,408.9606283334826
0,463,1421.0,436.0,1405.0,436.0,405.52917572209816
0,464,1417.2747955322266,436.072509765625,1402.3347930908205,435.59375762939453,402.3243945061212
0,465,1413.5768280029295,435.8991241455078,1397.0,435.0,394.12213870505684
0,466,1409.7617950439453,435.7288055419922,1395.0,436.0,389.28185100345746
0,467,1408.0,434.0,1392.0,435.0,386.88940339748564
0,468,1403.0,434.0,1386.0,434.0,384.10939435551285
0,469,1398.4155,433.50143,1380.9926,432.9011,381.90086309595114
0,470,1394.6039,432.69342,1378.9167,431.7348,379.16043875477953
0,471,1390.8751,432.7103,1375.7968,430.86078,376.5476227213475
0,472,1387.8059,432.1306,1372.055,430.15976,373.9946615431518
0,473,1383.4055,430.27603,1368.3499,429.25583,371.83307100628167
0,474,1379.6749,429.71964,1364.4647,428.67175,369.192318587736
0,475,1376.2574,429.4716,1360.8491,427.95184000000006,367.10716692888525
0,476,1373.1099,428.7167,1357.1058,427.33844000000005,364.87890313109114
0,477,1370.3245,427.71082,1353.4973,426.51712,362.68794192613393
0,478,1367.7003,426.97958,1349.9268,426.0256,360.6082964049325
0,479,1361.0,425.0,1347.0,425.0,358.65994163052864
0,480,1360.0,425.0,1342.0,425.0,356.8572651232398
0,481,1354.0546875,426.3292922973633,1339.7965469360354,424.0332717895508,354.99975829018587
0,482,1355.52,424.59512,1335.5311,424.1266,352.92938344335084
0,483,1347.3477554321291,425.3209915161133,1332.1343383789062,423.6718521118164,350.82884585953377
0,484,1346.73,425.26913,1328.7456,423.21,329.71215379627824
0,485,1343.1078,424.8909,1325.2313,422.8012,326.12921737191533
0,486,1338.0,424.0,1322.0,424.0,324.5845117888299
0,487,1333.9040069580078,422.8142547607422,1318.0288314819334,421.57550048828125,323.1701733174254
0,488,1330.1806106567385,422.12357330322266,1314.4941024780271,420.5791015625,321.72145237985256
0,489,1326.3156,421.4006,1310.9961,420.16486,320.25496748855437
0,490,1322.5005,420.44754000000006,1307.2264,419.98093,318.79207730122397
0,491,1319.4316,420.61392,1304.1838,419.87634,317.04900344266224
0,492,1315.4316,420.60953,1300.4998,419.8971,315.70529911344613
0,493,1311.8335,420.5496,1297.0704,419.8024,314.1750693096974
0,494,1308.2626,420.67828,1293.4865,420.19244,312.83291929411047
0,495,1304.832,420.6953,1289.7195,420.37173,311.4754933913405
0,496,1301.3734,420.7145,1286.3873,419.97034,310.2315878803537
0,497,1298.1415,420.43228,1282.8456,419.83063,308.9239872949582
0,498,1294.9735,419.5621,1279.6587,419.0264,307.6392382605373
0,499,1291.5312,418.60315,1276.4752,418.21515,306.43489953295534
0,500,1288.1901,418.09933,1273.1477,417.53485,305.22889450550895
0,501,1285.213,418.50735,1270.2072,417.29385,303.885347030699
0,502,1281.688,418.2503,1266.8275,416.96204,302.5548466544168
0,503,1278.1377,418.45734,1263.2324,417.3319,301.3575408314021
0,504,1275.4021,418.96793,1260.248,417.0957,300.00878597159067
0,505,1272.5814,418.70187,1257.2897,416.773,298.7037676068145
0,506,1268.7273,417.69788,1253.8032,416.88528,297.6150389466941
0,507,1265.5415,417.60754,1250.6007,417.18800000000016,296.4937768763295
0,508,1262.2417,418.00092,1247.2941,417.26904,295.4307848996972
0,509,1258.6963,418.37265,1243.6887,417.3405,294.26636158548826
0,510,1255.2477,418.48737,1240.0111,417.33124,293.0380536343547
0,511,1251.3705,418.54532,1236.2249,417.20993,291.9317546966609
0,512,1247.4404,418.77832,1232.4686,417.32535,290.9091074380192
0,513,1243.8014,419.1421,1228.6677,417.17044,289.83515893701525
0,514,1239.98,418.82498,1224.817,417.34155,288.815707259098
0,515,1235.0,417.0,1220.671401977539,417.0858840942383,287.66734349486285
0,516,1233.0,418.0,1216.0,416.0,286.56488837048215
0,517,1226.9279,417.08084,1212.075,416.45276,285.50908838384095
0,518,1222.7242,417.31464,1207.919,416.54306,284.52227391959167
0,519,1218.5044,417.8535,1203.4237,417.3084,283.43745518384367
0,520,1214.0525,417.92374,1199.3893,417.4516,282.4299205823377
0,521,1209.8903,418.4752,1195.2,417.6341,281.4761669105065
0,522,1206.1655,419.5327,1191.2653,418.47168,280.4201618013607
0,523,1202.1147,419.81754000000006,1187.4587,418.95813,279.45744645892046
0,524,1198.5331,420.45947,1183.5247,419.15036,278.4808740770621
0,525,1195.0345,420.41708,1180.0785,419.11954,277.6032842848004
0,526,1191.2217,420.1947,1176.4636,419.3296,276.69953218841613
0,527,1187.5712,420.39548,1172.7687,419.66388,275.784315941863
0,528,1184.4539,420.80408,1169.447,419.83008,274.85120815325445
0,529,1181.0969,421.2251,1166.338,420.20248,273.7918378771407
0,530,1177.4269,420.83182,1162.7455,420.12216,272.95636411410885
0,531,1173.6248,420.774,1159.2329,420.2629,272.1022760202428
0,532,1170.5325,420.9668,1155.7773,420.36853,271.28600786321635
0,533,1167.2633,421.11154000000016,1152.508,420.37338,270.415796503642
0,534,1163.7214,421.2602,1149.1469,420.386,269.4669565135351
0,535,1160.4487,421.6253,1145.7109,420.81628,268.5736230581767
0,536,1156.767,421.93243,1142.1301,421.2595,267.76644072208165
0,537,1153.3353,422.59085,1138.475,421.9958,266.8367796686489
0,538,1149.5221,423.18723,1134.8296,422.38992,265.9590113660912
0,539,1145.6321,423.5682,1131.0082,423.05228,265.1374157051188
0,540,1141.9491,424.08264,1127.0542,423.5158,264.1566566376836
0,541,1138.31,424.7737,1123.5272,424.06305,263.39714051974687
0,542,1134.6177,425.19116,1119.7324,424.61157,262.5256204662276
0,543,1130.8242,425.51367,1116.2224,424.7498,261.75152260571616
0,544,1127.1783,425.97702,1112.3574,424.99316,260.9248240568096
0,545,1125.0,425.0,1108.0,425.0,260.06505443829764
0,546,1119.3424,426.29245,1104.4564,425.4626,259.2098912215733
0,547,1115.3501,426.55945,1100.581,425.76083,258.47747035707715
0,548,1112.2073,426.49997,1097.0996,425.71204000000006,257.6699722558103
0,549,1108.3265,426.73047,1093.668,426.07767,256.9626943994176
0,550,1104.7554,427.47318,1089.8369,426.72372,256.1505472214016
0,551,1100.9291,428.07053,1086.4147,427.02145,255.48146850562802
0,552,1097.3749,428.45102,1082.5848,427.55655,254.6762386792508
0,553,1093.5564,428.54935,1078.5153,427.84146,253.88564402937385
0,554,1089.8142,428.6828,1075.0735,427.66638,253.18363569050376
0,555,1086.1172,428.84796,1071.4506,427.7307,252.41763794396718
0,556,1082.8525,429.15405,1067.7997,428.7379,251.59600559665537
0,557,1079.2256,429.23972,1064.3387,429.67282,250.9209971861729
0,558,1075.3474,429.70773,1060.6007,430.53357,250.17393365154305
0,559,1071.5594,430.36874000000006,1056.8721,430.58463,249.47046657939399
0,560,1067.4501,430.71167,1053.0101,430.28345,248.78775942899142
0,561,1063.9675,431.7873,1048.983,430.36646,248.12505254965942
0,562,1060.4202,432.87964000000005,1045.0668,431.15546,247.4774365089389
0,563,1056.4956,433.55417,1041.402,431.86963,246.755807603929
0,564,1052.6721,433.86472,1037.4163,432.15353,246.06053377074127
0,565,1048.4904,433.30298,1033.6514,432.5625,245.4092934023619
0,566,1044.3284,433.3986,1030.1561,433.0804,244.79702520579133
0,567,1040.9241,434.13556,1026.2031,433.71536,244.21456976370547
0,568,1037.4761,434.8156,1022.6013,434.20087,243.63017539871558
0,569,1034.0005,434.89642,1019.01636,434.07056,243.01400922377144
0,570,1030.2417,434.2156,1015.4364,433.58386,242.40224194006333
0,571,1027.0293,433.7999,1012.1379,433.2901,241.83466022632754
0,572,1023.182,433.9622,1008.27954,433.34467,241.1470979590964
0,573,1019.5302,434.44794,1004.6429,433.5682,240.56940637295014
0,574,1018.0,434.0,1000.7146148681641,433.8039855957031,239.93740559780025
0,575,1012.38727,435.32196,997.2561,433.948,239.36942682928523
0,576,1008.26227,434.98038,993.4237,434.3405,238.75450726852267
0,577,1004.2122,434.781,989.8183,434.13828,238.1988861621952
0,578,1001.0445,434.603,986.3757,433.80396,237.65268876880782
0,579,997.15094,434.43286,982.51056,433.62167,237.09221265509228
0,580,993.37555,434.0513,978.54535,433.31882,236.55378333721114
0,581,989.68066,434.09885,974.84106,433.2338,236.03365311763324
0,582,986.2998,434.65558,971.1173,433.83414000000016,235.49787305361943
0,583,982.17,434.58463,967.02625,433.45074000000005,234.98883843324523
0,584,979.65314,434.48532,964.5361,433.52206,234.4389820964513
0,585,975.9611,434.43405,961.0333,433.41382,233.9186711564148
0,586,978.3720092773438,401.2850570678711,962.254150390625,400.06697845458984,233.28344013614756
0,587,980.1885375976562,400.6428680419922,964.1211395263672,399.5438995361328,232.7309474036805
0,588,982.072380065918,400.1667709350586,965.9697723388672,399.23609924316406,232.2330921966585
0,589,984.0052337646484,399.6825942993164,968.1331100463867,398.6670684814453,231.7228503437076
0,590,986.4863204956056,399.0763168334961,970.2712249755859,398.046142578125,231.1168250502458
0,591,988.180290222168,398.4983444213867,972.1253890991212,397.4109115600586,230.62046661037292
0,592,990.4129943847656,397.76133728027344,973.9056243896484,396.52976989746094,230.12800014803025
0,593,992.4336166381836,397.2536849975586,976.2856597900392,395.94104766845703,229.6078688668827
0,594,994.385,396.7834,978.6519,395.70697,228.6058766950724
0,595,999.0,396.0,981.0,396.0,227.5150594894543
0,596,1638.937,430.96738,1622.5419,429.1922,225.6755717515244
0,597,1641.4994,430.81586,1625.1487,428.85336,224.49900058460187
0,598,1643.9882,430.2851,1627.579,428.27432000000016,223.89538888569984
0,599,1646.2961,429.9426,1629.8763,427.82834,223.30278235639764
0,600,1648.5510000000006,429.38022,1632.2234,427.30576,222.85648829580163
0,601,1651.1284,428.9231,1634.5664,426.95383,222.42187968101524
0,602,1653.5215,428.5815,1636.9448,426.5851,222.00131902710785
0,603,1655.5709,428.08035,1639.2,425.90277,221.5668953631429
0,604,1658.0739999999994,427.40933,1641.5302,425.31247,221.05904336991932
0,605,1660.7444,426.7701,1643.8555,424.5928,220.5159753071696
0,606,1662.7888,426.48843,1646.1543,424.1451,220.0378123724519
0,607,1665.004,426.00705,1648.5542,423.64,219.52370805415669
0,608,1667.5133,425.3601,1650.971,423.091,219.0441052150996
0,609,1669.7037,424.62775,1653.0801,422.39658,218.5462040946676
0,610,1671.8204,424.1942,1655.2294,421.81375,218.14692767767917
0,611,1674.0913,423.3276,1657.486,421.14105,217.7503685540829
0,612,1676.0,422.0,1661.0,421.0,217.273221075504
0,613,1678.571,422.22247,1661.7451,420.10083,216.86751676610734
0,614,1680.457,421.982,1663.9343,419.725,216.4834061767104
0,615,1682.4719,421.84802,1665.7408,419.6096,216.0321573877535
0,616,1684.3838,421.80777,1667.797,419.7138,215.54415574241105
0,617,1686.1376,421.96252,1669.6046,419.9841,215.1642309866497
0,618,1688.2002,422.0502,1671.5220000000006,420.10904000000005,214.71690514140803
0,619,1690.0999,421.73843,1673.3807,419.54608,214.23047565222328
0,620,1691.8473,421.52435,1675.033,419.36798,213.84604140452674
0,621,1693.5994,421.20255,1676.7482,418.9724,213.4134585743869
0,622,1695.3314,421.0394,1678.6035,418.78952,212.9776601842828
0,623,1697.3670000000006,421.0975,1680.6891,418.64752,212.60325761426887
0,624,1699.1741,420.7193,1682.5132,418.20468,212.24802392497912
0,625,1701.1815,420.4038,1684.5575,417.8003,211.88077546736687
0,626,1703.1556,419.88608,1686.4723,417.57736,211.5193434439592
0,627,1705.0007,419.9282,1688.2643,417.66772,211.1687665834432
0,628,1706.9747,420.10916,1690.0497,417.89716,210.80544396331538
0,629,1709.0667,420.48245,1692.1482,418.09427,210.44431452733014
0,630,1710.8593,420.83694,1694.1567,418.19507,210.10392440447566
0,631,1712.9661,421.34244,1696.1243,418.3136,209.73829878839518
0,632,1714.9434,421.5537,1698.0009,418.61948,209.36900455540032
0,633,1716.6543,421.68942,1699.7721,418.83337,209.0103054958033
0,634,1718.741,421.70648,1701.7656,418.92557,208.67671871856263
0,635,1720.0,422.0,1704.0,420.0,208.34945854241246
0,636,1722.3195,421.69516,1705.1665,418.87546,208.00661277878262
0,637,1723.9579,421.90656,1706.9426,419.26727,207.67925507244462
0,638,1725.7222,422.32782,1708.6573,419.85574,207.3079968084977
0,639,1727.3373,423.1135,1710.322,420.57355,206.932893120036
0,640,1728.8008,423.85516,1711.6270000000006,421.21204000000006,206.61009617667784
0,641,1730.2069,424.54453,1713.1821,421.9648,206.2829207910923
0,642,1731.8645,424.98865,1714.8258,422.54254,205.90243380525501
0,643,1731.7175,425.14273,1716.1648,423.39325,205.5184812574188
0,644,1735.8964,425.69046,1717.4725,423.4943,205.1356735172753
0,645,1735.8696,426.48862,1720.0245,422.63464000000016,204.8011615686851
0,646,1737.1938,427.00092,1720.0055,424.61646,204.46630369994202
0,647,1738.6765,427.47467,1721.3085,424.99673,204.15633263282848
0,648,1739.7446,427.82956,1722.2666,425.33316,203.8552039137185
0,649,1741.0488,428.07346,1723.9146,425.5019,203.54465649016623
0,650,1742.6201,428.29648,1725.3759,425.79373,203.19827202690445
0,651,1743.034927368164,428.71239471435547,1726.9626693725586,426.3816223144531,202.90062494639253
0,652,1743.8264,428.73648,1726.504,426.36276,202.52978966256333
0,653,1739.9521,428.87164,1722.4998,426.5113,202.23390106655685
0,654,1735.744,429.2476,1718.5586,427.1185,201.894505181728
0,655,1732.3273,429.10388,1715.243,426.72916,201.5620536015976
0,656,1728.3844,430.25394000000006,1711.1359,427.9604,201.24187094812905
0,657,1723.6028,431.8713,1706.4517,429.42758,200.91574153428417
0,658,1719.3962,432.60767,1702.6433,429.95114,200.60378079592
0,659,1715.3165,433.21457,1698.6898,430.3487,200.30799405799598
0,660,1711.3348,433.49734000000007,1694.4456,431.1091,200.00961258319919
0,661,1707.0332,433.768,1690.2479999999994,431.73138,199.7146588142451
0,662,1703.0227,434.7885,1686.3936,432.43555,199.33618641028892
0,663,1699.0332,435.8639,1681.9766,433.5392,199.00026230215585
0,664,1694.438,436.6118,1677.8468,434.42227,198.7284075524577
0,665,1690.3927,437.06006,1673.7382,435.08865,198.3918505759121
0,666,1686.05,437.61948,1669.4562,435.66003,198.10614098696462
0,667,1681.7614,438.44247,1665.1705,436.18307,197.70153440992226
0,668,1677.5775,437.76132,1661.5414,435.67535,197.39444649636803
0,669,1673.5403,439.21198,1656.8148,436.87817,197.05882196999062
0,670,1668.3993301391602,440.3340072631836,1652.0,438.0,196.75826370758273
0,671,1664.5607,439.72916,1648.4215,437.67175,196.190730371015
0,672,1660.8824,440.05795,1644.2172,438.05197,195.606241376006
0,673,1656.523,440.28036,1640.0575,438.3131,195.2393339780001
0,674,1652.6315,440.3922,1636.0771,438.47263,194.9164347840696
0,675,1648.2572,440.3478,1631.6866,438.4566,194.65504357850563
0,676,1644.2772,440.52127,1627.5903,438.55533,194.40353071321246
0,677,1639.911,441.0134,1623.3431,439.3097,194.12431296624226
0,678,1635.4584,441.85492,1618.9493,440.0827,193.8053797800787
0,679,1631.1912,442.50406,1614.7546,440.8598,193.50639835033346
0,680,1626.7476,442.83572,1610.0703,441.3588,193.22699597093253
0,681,1623.4556,443.19577,1606.8379,441.85913,192.915524388162
0,682,1619.1696,443.24228,1602.489,441.84787,192.66263834137868
0,683,1527.1083145141602,439.4155883789063,1510.7258682250974,438.367919921875,192.40191593996863
0,684,1527.859,438.80157,1511.6865,437.80197,191.76146757406045
0,685,1528.7625,438.2714,1512.7220000000002,437.35266,191.1032322642734
0,686,1529.6986,437.77792,1513.7115,436.94928,190.7055507686109
0,687,1531.0898,437.46866,1514.5774,436.48007,190.3486475146736
0,688,1531.8107,437.49597,1515.5806,436.52396,190.05644565938096
0,689,1532.5279999999998,437.24164,1516.5271,436.42496,189.77721642160662
0,690,1533.5055,437.39777,1517.3823,436.42096,189.52635085112541
0,691,1534.3519,437.35422,1518.3112,436.41602,189.29008220229943
0,692,1535.2167,437.32755,1518.9633,436.34097,189.0662392749643
0,693,1536.0076,437.33704000000006,1519.6992,436.3454,188.77235941178486
0,694,1536.6239,437.09592,1515.9934,435.68994,188.55046585821026
0,695,1537.5692,436.67426,1521.4039,435.62787,188.3193500570847
0,696,1538.1841,436.77246,1522.491,435.92764000000005,188.0858682250405
0,697,1539.3419,436.75333,1523.4921,435.83032,187.85862940068898
0,698,1540.2323,436.48236,1524.4589999999994,435.57358,187.63765190887528
0,699,1541.7352,436.60458,1525.7595,435.8709,187.362408244353
0,700,1542.9694,436.51538,1526.9348,435.73236,187.11602455218812
0,701,1544.2678,436.36902,1528.1908,435.6509,186.8908069531799
0,702,1545.703,436.43558,1529.555,435.73486,186.67250829296555
0,703,1546.915,436.40927,1530.6049,435.60947,186.4301696098185
0,704,1547.6425,436.59097,1531.4381,435.89127,186.152934630942
0,705,1549.0261,436.6612,1532.6128,435.94055,185.8877353566137
0,706,1550.1072,437.2614,1533.6554,436.5945,185.67813521081703
0,707,1551.0259,437.68823,1534.5793,437.02582,185.46287914567142
0,708,1551.7635,438.28552,1535.5251,437.6983,185.24814106237667
0,709,1552.8193,438.56198,1536.5,438.11975,184.99966848789933
0,710,1553.6047,438.8082,1537.5016,438.54706,184.73558002848026
0,711,1554.7404,439.44498,1538.5051,439.163,184.53163923426
0,712,1555.7292,440.12625,1539.3257,439.84283,184.2736946790369
0,713,1556.5758,440.59116,1540.1177,440.37802,183.99689460724912
0,714,1557.3683,441.37885,1540.9393,441.13037,183.76179858842048
0,715,1557.0,442.0,1541.0,442.0,183.4783565081461
0,716,1558.4791,443.1855,1542.1013,442.68314,183.25436460836042
0,717,1558.9242,443.81885,1542.6495,443.30508,182.9846994166227
0,718,1559.6832,444.76642,1543.372,444.22775,182.73474766125545
0,719,1560.241,445.58054,1544.1157,445.03564000000006,182.49924620704186
0,720,1561.0254,446.549,1544.7249,446.16986,182.28395876098784
0,721,1561.6731,447.82834,1545.4655,447.33698,182.05082859134185
0,722,1562.6733,449.38834,1546.3639,448.75552000000016,181.80219000126647
0,723,1563.5314,450.86035,1547.3218,450.07767,181.59929450055503
0,724,1564.2743,452.2199,1548.2714,451.5391,181.40282765415904
0,725,1565.1794,453.60086,1549.3127,452.9854,181.2073166165707
0,726,1566.352,454.7662,1550.3438,454.19186,180.97945332289325
0,727,1567.4171,456.06546,1551.3901,455.36633,180.7267971651693
0,728,1568.6129999999994,457.0648,1552.6079,456.38785,180.51027577060609
0,729,1569.4348,458.06992,1553.4558,457.30188,180.2927954998917
0,730,1570.7120000000002,458.44247,1554.6826,457.67972,180.06463481732715
0,731,1571.6072,459.10168,1555.7332,458.46353,179.86796657812047
0,732,1573.0472,459.22253,1556.8628,458.60727,179.68664122611492
0,733,1574.2394,459.36075,1558.1143,458.69882,179.49696526464368
0,734,1575.2554,459.27533,1559.227,458.58566,179.31930051498608
0,735,1576.7745,458.84204000000005,1560.4920000000006,458.13358,179.12289731652
0,736,1578.1816,458.39365,1561.8049,457.59418,178.94704543596782
0,737,1579.2621,457.6952,1562.9735,456.89587,178.73166866650513
0,738,1580.8022,456.7317,1564.3599,455.8657,178.50678637812317
0,739,1582.3335,456.06976,1565.642,455.08594000000005,178.33182857306443
0,740,1583.304,455.43976,1566.7322,454.3919,178.1124151694498
0,741,1584.1406,454.1577,1567.6366,453.25204,177.8633570160439
0,742,1584.0,453.0,1569.0,453.0,177.69530671970193
0,743,1586.3334,451.5209,1569.5671,450.883,177.496268218601
0,744,1587.1859,450.3991,1570.4667,449.84735,177.31475958049077
0,745,1587.8035,449.24753,1571.2566,448.69662,177.12220214678806
0,746,1589.1738,447.73752,1572.3765,447.3334,176.95028088485145
0,747,1590.3105,446.62048,1573.4069,446.20605,176.7399778731963
0,748,1591.1533,445.3745,1574.3313,444.87238,176.5752447550077
0,749,1592.2855,444.407,1575.4623,443.72083,176.40171356954346
0,750,1593.1597,443.218,1576.4126,442.47382000000016,176.2160990182232
0,751,1593.9078,442.1487,1577.003,441.355,176.0353987262731
0,752,1594.7797,441.0486,1577.9855,440.28113,175.82013899049625
0,753,1595.9232,439.85452,1579.158,439.20004000000006,175.63587534191296
0,754,1596.9685,438.94745,1580.2025,438.1371,175.4688783254353
0,755,1597.8137,438.1105,1581.1346,437.1232,175.30081620060048
0,756,1599.0149,437.14572,1582.4327,436.158,175.1216244003912
0,757,1599.9547,435.96478,1583.4039,435.10895,174.90308474514282
0,758,1600.5793,435.2273,1584.0542,434.29333,174.73584343447158
0,759,1601.2671,434.5754,1584.735,433.6553,174.57161356542446
0,760,1602.0759,433.8701,1585.5769,432.95465,174.38790533600402
0,761,1603.2451,432.92484,1586.5228,432.00607,174.2320066073542
0,762,1604.0922,432.495,1587.3312,431.55902,174.035489947475
0,763,1604.9828,431.77402,1588.2439,430.7918,173.83700650396477
0,764,1605.8268,431.20154,1589.1787,430.26718,173.67751731353454
0,765,1605.0,431.0,1590.0,431.0,173.49829233455304
0,766,982.3477,414.01245,966.49866,413.41528,173.06732990164485
0,767,983.5013,414.47174,967.53253,413.927,172.69431752612957
0,768,984.2108,414.68265,968.4674,414.18625,172.46279771979968
0,769,984.9205,414.82812,969.05554,414.2298,172.26433152994218
0,770,985.7901,414.66522,969.9634,414.1282,172.1142234031897
0,771,986.5365,414.65097,970.9457,414.19006,171.9282394274005
0,772,987.4542,414.6056,971.67957,414.1777,171.7666682419364
0,773,988.1941,414.98422,972.44476,414.50864,171.59846119912402
0,774,989.4404,415.09454,973.60693,414.6858,171.40069556351028
0,775,990.0438,415.36642,974.21875,415.0401,171.21962478246581
0,776,990.5164,415.8407,974.7299,415.5624,171.03510755661785
0,777,991.1349,416.41284,975.5791,416.14917,170.85620220877746
0,778,992.7195,416.9423,976.62695,416.48004,170.70981602287196
0,779,993.2196,417.52142,977.58997,417.21603,170.55783007351886
0,780,994.35645,418.61957,978.61725,418.24753,170.41654062943385
0,781,995.644,419.2783,979.69354,418.84967,170.26776819375434
0,782,996.73114,420.42084000000006,981.1153,419.96948,170.1263965158115
0,783,998.03784,421.66626,982.2891,421.30173,169.9831582076239
0,784,1000.9548416137696,423.58272552490234,983.0555801391603,422.5460891723633,169.8253532529809
0,785,1000.39746,423.6861,984.79016,423.41525,169.68833678236592
0,786,1001.5811,424.40765,986.1206,424.2652,169.522641495761
0,787,1003.18945,425.0656,987.44415,424.78986,169.3396656757322
0,788,1007.0,426.0,988.0,426.0,169.2159653115863
0,789,1005.5463638305664,426.44303131103516,990.207893371582,426.4862060546875,168.60245362086297
0,790,1006.9191,427.20673,990.9324,426.7131,168.23418334612794
0,791,1008.04425,428.2144,992.0268,427.48883,168.02252275005858
0,792,1009.05206,429.30835,993.21893,428.67133,167.84895628467206
0,793,1010.41235,430.35672,993.89606,429.4729,167.71849924048698
0,794,1010.69995,431.16248,994.7416,430.33878,167.56470656760794
0,795,1011.46204,432.02356,995.42596,431.23135,167.3999169064716
0,796,1012.6177444458008,433.4714584350586,997.2058868408203,431.65943145751953,167.248984487699
0,797,1012.9248428344728,433.5851440429688,997.3232269287108,432.6596145629883,167.1148679036649
0,798,1014.21924,434.85184,998.2448,433.8173,166.94571845738494
0,799,1015.6388854980468,436.70545196533203,999.9608383178712,434.7399291992188,166.81653361047302
0,800,1017.0,435.0,999.0,434.0,166.67887589432604
0,801,1017.64014,436.75937000000016,1001.885,435.79492,165.8900039094953
0,802,1020.7439,437.14468,1004.84296,436.34268,165.53373069684758
0,803,1024.5724,437.55466,1007.7167,437.07712,165.31075478008518
0,804,1026.7957,438.49026,1010.69727,438.05984000000007,165.12703167093358
0,805,1029.6002,439.80716,1013.5643,439.25488,164.98037932411796
0,806,1032.4464,440.62988,1016.3041,440.12674,164.8534087082934
0,807,1035.0765,440.6223,1019.3385,440.4534,164.73307393691908
0,808,1038.3191,440.82516,1022.2277,440.60623,164.61355734848075
0,809,1040.9215,440.84116,1025.1917,440.7426,164.48667936446918
0,810,1043.8529,441.0377,1028.0486,440.79706,164.33180587934186
0,811,1047.168,441.6619,1031.1093,440.815,164.2114257540619
0,812,1050.1421,442.45593,1033.9529,440.85516,164.05283228527463
0,813,1052.9398,442.37402,1036.991,440.7394,163.91661761265345
0,814,1050.485,424.36572,1033.7976,423.09634000000005,163.79273136553374
0,815,1045.9655,423.4525,1029.7424,423.33466,163.62330662425487
0,816,1041.9176,423.8286,1025.6771,423.97626,163.43941913630485
0,817,1037.7273,424.7131,1021.83325,424.59692,163.2790689903435
0,818,1034.2676,425.47922,1018.08167,425.02066,163.15884458964518
0,819,1030.4124,425.88574000000006,1014.136,425.54968,163.02548548153584
0,820,1026.8225,426.7973,1010.46594,426.57938,162.90863271321027
0,821,1022.7276,427.78336,1006.69977,427.24307000000016,162.72634694751682
0,822,1019.4693,428.6632,1003.02594,428.16473,162.5328968461644
0,823,1015.59937,429.87784000000005,999.25116,428.97375,162.33940431419688
0,824,1012.0,429.0,996.0,431.0,162.16860039602244
0,825,1008.2777,429.98502,992.11536,429.58856,161.88159709204976
0,826,1004.3906,429.60663,988.22125,429.44678,161.74142488477625
0,827,1001.0,431.0,984.0,429.0,161.53714607225984
0,828,1000.0,431.0,982.0,430.0,161.41776576796713
0,829,994.103,429.74173,977.46765,429.56854,161.09923390221286
0,830,990.54474,430.6806,973.9395,430.07474,160.69348337587238
0,831,986.0421,431.6497,970.9032,430.4374,160.58515917950828
0,832,982.7857,431.3813,966.31573,430.633,160.4296336440849
0,833,979.4433,431.38693,963.00354,430.626,160.32435021050958
0,834,975.5595,431.44458,959.09454,430.65024000000005,160.22020788322286
0,835,971.0,431.0,955.0,432.0,160.07560629690337
0,836,969.0,430.0,951.0,430.0,159.78125716543008
0,837,963.5137176513672,429.883041381836,947.4724197387696,429.8134307861328,159.5091220160555
0,838,959.76263,430.45398,943.4672,429.7181,159.24173267470889
0,839,956.4130172729492,430.94178009033203,940.0,430.0,158.87670871994948
0,840,958.4929,430.37027,942.38885,429.58148,158.77662159414254
0,841,962.97034,430.7818,946.4496,430.0824,158.65261858410767
0,842,967.19354,431.33182,950.48706,430.4538,158.5458759741559
0,843,971.3944,432.03772,954.6871,431.07397,158.41649353604342
0,844,975.45123,432.48355,958.88904,431.82098,158.31104770832854
0,845,979.5084,433.01605,962.95557,432.28198,158.18584609209827
0,846,983.63074,433.0475,966.92194,432.19968,158.05567752247637
0,847,987.60516,432.4553,971.09393,431.94507,157.9586947524315
0,848,991.5382,432.31537,975.1852,431.86945,157.8323601454531
0,849,995.8287,432.31598,980.4152,431.62314,157.72129328488154
0,850,999.7491,432.47467,983.4794,432.08115,157.62103352927642
0,851,1003.6326,432.63684000000006,987.5446,432.2913,157.4893845492517
0,852,1007.5171,433.04993,991.12036,432.508,157.38650908705782
0,853,1011.119384765625,433.1814727783203,994.761749267578,432.43628692626953,157.26552530612537
0,854,1015.1074,433.2535,998.6491,432.2857,157.16768953263968
0,855,1018.7246,433.11493,1002.41205,432.48526,157.0726392432418
0,856,1022.5153,432.68265,1006.1879,432.3383,156.97646889722216
0,857,1026.4579,432.45767,1010.1857,432.2025,156.87622065304973
0,858,1030.41,432.71445,1014.1364,432.35104,156.77994029534875
0,859,1034.2623,432.96655,1017.8004,432.52637,156.6860195485422
0,860,1037.6708,432.67694000000006,1021.456,432.7036,156.55793044833877
0,861,1041.4531,432.32242,1025.4012,432.478,156.43894806526762
0,862,1045.5531,432.7919,1029.3829,432.3696,156.32767928277622
0,863,1049.9637,433.8437,1033.0767,432.31192,156.23429793257878
0,864,1053.5875,433.6481,1036.962,432.12506,156.1442349840619
0,865,1057.4222,433.232,1041.0084,431.93613,156.02531058822245
0,866,1061.0199,432.51993,1044.7444,431.5351,155.93665521744728
0,867,1065.0784,431.91577,1048.8126,431.61792,155.83550586362122
0,868,1069.384,432.05936,1053.2151,432.3945,155.7128031623336
0,869,1073.6743,431.91324,1057.4696,432.98114,155.58621564854678
0,870,1077.7778,431.87122,1061.7239,432.49548,155.49704577060945
0,871,1081.984,432.37024,1065.792,432.12006,155.40642446590326
0,872,1086.6729,432.28952,1070.2328,431.4198,155.30374580880286
0,873,1090.9089,432.02786,1074.6415,431.43973,155.18656980938988
0,874,1095.2059,432.50934000000007,1078.7972,431.93976,155.0853956260385
0,875,1099.1832,432.41992,1082.9949,431.87326,154.99008010347916
0,876,1103.4868,431.97247,1087.3796,431.7056,154.86315383055634
0,877,1108.0,433.0,1092.0,432.0,154.77874977773746
0,878,1112.0,431.0,1094.0,432.0,154.68451845810932
0,879,1116.0,431.0,1099.0,429.0,154.4862110247903
0,880,1120.2012,429.50415,1103.8531,429.05768,154.24168940081128
0,881,1123.4375,428.98322,1107.3365,428.62506,154.1465788391605
0,882,1127.6844,428.50818,1111.2834,427.78598,153.99028907905614
0,883,1131.5748,428.03067,1115.2505,427.34116,153.87465530900974
0,884,1135.3317,428.02258,1118.9943,427.41296,153.75995889251885
0,885,1138.9827,428.49323,1122.68,427.9674,153.67690755108117
0,886,1143.0663,428.95755,1126.674,428.4119,153.56700534893338
0,887,1147.2467,429.10526,1130.9137,428.54968,153.44534093582678
0,888,1150.6528,428.9921,1134.429,428.52322,153.3576279678311
0,889,1154.7792,428.59255999999993,1141.3953,428.5567,153.27015407702112
0,890,1159.1348,428.24268,1142.869,427.5461,153.1760345113529
0,891,1163.1868,427.52563,1146.8547,426.9411,153.08021093800266
0,892,1167.4252,427.06616,1151.1766,426.5127,152.9690119079865
0,893,1171.5951,426.73785,1155.3367,426.17563,152.87450985145315
0,894,1175.8611,426.67932,1159.5409,425.76834,152.7726832189209
0,895,1179.5292,426.4327,1164.3818,425.47083,152.66334163065756
0,896,1184.1373,426.44543,1167.9569,425.60062,152.56314858600157
0,897,1188.1915,426.26987,1171.8761,425.3878,152.47532470742348
0,898,1192.3896,426.85287,1175.8555,425.61176,152.37664724373528
0,899,1196.1581,426.32172,1179.7694,425.39777,152.2727762005007
0,900,1200.2527,425.64423,1183.8484,424.93344,152.18531517900115
0,901,1204.453,425.335,1188.2181,424.40585,152.1027521785981
0,902,1207.0,422.0,1192.4034,424.11118,151.9921861861823
0,903,1212.7346,424.37262,1196.4437,423.90604,151.90515560210375
0,904,1216.8013,424.02124,1200.2499,423.54004,151.78963930600838
0,905,1220.8969,423.4707,1204.4398,422.70795,151.68933139935376
0,906,1224.553,423.31665,1208.3468,422.65424,151.58728451056098
0,907,1228.874,424.14322,1212.373,423.13855,151.51108418842924
0,908,1232.7452,424.25967,1216.2604,423.32993,151.4244226948061
0,909,1236.5938,424.84668,1220.3304,423.92017,151.32820465566522
0,910,1240.8812,425.60962,1224.2578,424.0569,151.23432805192084
0,911,1244.559,425.28372,1228.1913,423.91348,151.12501040954442
0,912,1248.5826,424.84827,1232.1515,423.64813,151.02605061926297
0,913,1252.7328,424.72543,1236.3125,423.38748,150.94963024119352
0,914,1256.3844,424.3468,1240.053,423.27713,150.87470435202127
0,915,1260.2522,423.34695,1244.0049,422.74103,150.77607659886152
0,916,1264.2235,423.1235,1248.0721,422.85913,150.693439056078
0,917,1268.3951,423.24384,1252.0082,422.52377,150.61457233271474
0,918,1272.5746,424.16272,1256.1079,422.5769,150.53405399243363
0,919,1276.1888,424.32275,1259.8555,423.1902,150.45421045616894
0,920,1280.0258,424.29678,1263.7242,423.0734,150.35559588717368
0,921,1283.8906,423.64096,1267.5219,422.5995,150.2781786147698
0,922,1287.8102,423.15964,1271.4485,422.554,150.19814589022928
0,923,1291.7844,422.87518,1275.6272,422.41537,150.12591628247048
0,924,1296.3445,422.63208,1279.7072,422.41837,150.04885113164747
0,925,1299.0,419.0,1283.8229,421.66718,149.97620890917426
0,926,1306.452,419.61926,1287.842,420.80957,149.88595232921037
0,927,1308.1343,420.90067,1291.7164,420.36768,149.79994193515134
0,928,1311.951,420.65848,1295.6992,420.0782,149.70479843079727
0,929,1316.2032,420.71265,1299.9285,420.25983,149.61188599277997
0,930,1320.3158,420.74457,1303.8102,420.2669,149.54098154519616
0,931,1324.4520000000002,420.96213,1308.0337,419.81525,149.46994361724043
0,932,1328.6658,421.43668,1312.3676,420.30002,149.39717598301286
0,933,1332.8103,421.66006,1317.0,421.0,149.3159098790626
0,934,1337.052,421.74927,1320.6481,420.63058,149.2460159982465
0,935,1341.2698,421.8298,1324.8024,420.84103,149.16791187306586
0,936,1345.2893,421.86218,1329.0563,420.97104,149.08839850946674
0,937,1351.0,419.0,1332.0,418.0,149.02684752853324
0,938,1355.0,422.0,1336.0,422.0,147.12775794942854
0,939,1358.242790222168,422.2237701416016,1341.8954696655271,420.8219451904297,146.88575221499917
0,940,1363.0,423.0,1346.0,422.0,146.63954043168067
0,941,1365.9102,421.70248,1349.5731,420.47568,146.43526761301976
0,942,1370.3392,422.66537,1353.8011,421.26456,146.3390649726034
0,943,1374.0,422.0,1356.0,422.0,146.25676515087528
0,944,1378.0,422.0,1359.0,421.0,146.19384027121234
0,945,1382.2977752685547,422.7343292236328,1365.4725799560547,421.94573974609375,144.33388027982735
0,946,1387.0,422.0,1370.0,421.0,144.09663723688385
0,947,1392.305908203125,424.9247741699219,1373.3165969848633,422.6736831665039,143.993980656272
0,948,1393.0,424.0,1377.0,424.0,143.9246381445388
0,949,1400.5079879760742,423.9370346069336,1381.0274353027344,422.6537628173828,143.86684860896128
0,950,1403.4893,424.44522,1385.0875,422.2439,143.79904607042968
0,951,1406.528564453125,423.8893432617188,1389.1303329467773,422.07836151123047,143.73915324851905
0,952,1409.2625,422.20306,1392.9852,422.27573,143.68270391530154
0,953,1414.0,423.0,1398.0,422.0,143.5990209048085
0,954,1417.0,424.0,1401.0,423.0,143.5432594319775
0,955,1426.3460540771484,424.9385757446289,1404.8467559814453,423.2578353881836,143.47998334790884
0,956,1427.7692,425.80603,1409.2898,424.58905,141.64195562736862
0,957,1430.1091,426.9364,1413.3104,425.9406,141.41008432400102
0,958,1434.016,428.4987,1417.2871,427.12253,141.3184471215067
0,959,1437.8043,429.54453,1421.2771,427.72797,141.2659532937347
0,960,1441.8218,429.29944000000006,1425.4238,427.66202,141.21005989292357
0,961,1445.6329999999994,429.59912,1429.267,428.27435,141.15180785869586
0,962,1449.7562,429.8199,1432.1221,428.62833,141.0989419222095
0,963,1454.3033,430.12967,1434.2683,428.76422,141.04729535513158
0,964,1459.0163497924805,430.7771759033203,1442.5404586791992,430.3451232910156,140.969781431034
0,965,1463.0690383911133,431.5626068115234,1447.253791809082,429.5861129760742,140.91264432375309
0,966,1466.3162994384766,432.1902923583984,1450.6753463745115,431.2772521972656,140.8433885817047
0,967,1470.515380859375,433.2908935546875,1454.0409927368164,434.42273712158203,140.58879488695342
0,968,1473.0,434.0,1459.0,431.0,140.4202138727518
0,969,1478.0,432.0,1462.0,432.0,140.29127683173877
0,970,1482.534034729004,434.5429458618164,1467.0,432.0,140.23393796617358
0,971,1486.6194076538086,435.0398864746094,1469.740463256836,434.6181106567383,140.18300306352614
0,972,1490.1605834960938,435.92908477783203,1474.882225036621,435.1190414428711,140.12638563839542
0,973,1493.8032,437.30255,1474.7083,436.148,140.05593572097615
0,974,1497.6525,438.3853,1481.0835,437.35544,140.0035429233332
0,975,1501.2289,439.0818,1484.8237,437.7655,139.95502118352078
0,976,1505.0,439.0,1488.0,438.0,139.90120366208077
0,977,1509.5362167358398,439.8269577026367,1493.2889099121094,438.2136688232422,139.84241720523815
0,978,1512.0,440.0,1497.0,439.0,139.68519327953155
0,979,1516.0,440.0,1500.0,440.0,139.50749124590536
0,980,1520.0,439.0,1505.0,440.0,139.4556944633889
0,981,1525.0,442.0,1508.0,440.0,139.3769430101324
0,982,1528.0,440.0,1511.0,441.0,139.32283032144946
0,983,1532.2655,440.95706,1515.6128,439.9108,138.72738524874367
0,984,1536.148,440.97968,1519.5239,440.10043,138.55948936209572
0,985,1540.4734,441.3352,1523.7899,440.4551,138.49872166383005
0,986,1544.0966873168945,441.62913513183594,1528.3637390136719,440.80118560791016,138.44936014561102
0,987,1548.3617,441.46884000000006,1531.642,440.57556,138.38013974964105
0,988,1552.0,441.0,1535.3974838256836,440.9652404785156,138.3408366201306
0,989,1557.1302490234375,442.3691864013672,1541.234016418457,440.8418884277344,138.21423270354785
0,990,1559.7585,442.15344000000016,1544.3470000000002,440.84833,138.0615885215767
0,991,1556.5658,441.46637,1539.9159,440.8008,138.01429543994672
0,992,1552.6759,440.8269,1536.165,440.1563,137.95325815418516
0,993,1549.2922,440.51984,1532.4920000000006,439.63943,137.91018488797718
0,994,1545.707,440.35675,1528.4951,439.10074,137.85712745272852
0,995,1542.4426956176758,441.0649948120117,1524.9130172729492,440.0671920776367,137.8112239693472
0,996,1537.9188,441.29453,1521.4426,440.36575,137.75318007572895
0,997,1534.3134,441.16492,1517.6852,440.28177,137.69251730661713
0,998,1530.4835,440.64972,1513.6519,439.7857,137.63516500684162
0,999,1526.7919,439.94202,1510.1908,438.9176,137.57758105147727
0,1000,1523.1149,439.6529,1506.4191,438.6653,137.5098030738615
